{
    "iteration": 157,
    "online": {
        "rmse_loss": 2.6530150890072224,
        "mae_loss": 1.8559876953125,
        "R2": 0.16060534623563327,
        "r": 0.5667601487394418,
        "model_dist": 0.09982822835445404
    },
    "offline": {
        "rmse_loss": 2.8446726525208486,
        "mae_loss": 2.225443359375,
        "R2": 0.0349465802139276,
        "r": 0.6029526703641047,
        "model_dist": 4.379022121429443
    }
}