{
    "iteration": 157,
    "online": {
        "rmse_loss": 2.364763713751334,
        "mae_loss": 1.595589453125,
        "R2": 0.3330976248571942,
        "r": 0.6006038805894519,
        "model_dist": 0.0
    },
    "offline": {
        "rmse_loss": 2.3492545360177557,
        "mae_loss": 1.58127822265625,
        "R2": 0.34181662713676386,
        "r": 0.6067814263986547,
        "model_dist": 0.0
    }
}