{
    "iteration": 157,
    "online": {
        "rmse_loss": 2.4123704628435494,
        "mae_loss": 1.8042119140625,
        "R2": 0.30597556161725414,
        "r": 0.6042495854557907,
        "model_dist": 0.11082218587398529
    },
    "offline": {
        "rmse_loss": 2.4469774084572173,
        "mae_loss": 1.949938671875,
        "R2": 0.28592031440828114,
        "r": 0.6121991670148395,
        "model_dist": 4.736298561096191
    }
}