{
    "iteration": 157,
    "online": {
        "rmse_loss": 2.1419120218568737,
        "mae_loss": 1.34874443359375,
        "R2": 0.45287064623914763,
        "r": 0.6985945724350074,
        "model_dist": 0.11061282455921173
    },
    "offline": {
        "rmse_loss": 2.1018988810715897,
        "mae_loss": 1.310356640625,
        "R2": 0.47312159734566694,
        "r": 0.7173132435103248,
        "model_dist": 1.9366828203201294
    }
}