{
    "metrics": {
        "rmse_loss": 2.526538516429148,
        "mae_loss": 1.909273046875,
        "R2": 0.23873019306390864,
        "r": 0.5524680794800096,
        "model_dist": 0.0
    }
}