{
    "iteration": 157,
    "online": {
        "rmse_loss": 2.1712725783224456,
        "mae_loss": 1.37377900390625,
        "R2": 0.437768137799882,
        "r": 0.6891324791712932,
        "model_dist": 0.11065509915351868
    },
    "offline": {
        "rmse_loss": 2.1440482664226566,
        "mae_loss": 1.3422474609375,
        "R2": 0.4517787386803308,
        "r": 0.7054463005476649,
        "model_dist": 1.9130619764328003
    }
}